sample	scalingFactor
Ago1_1	0.406504
Ago1_2	0.284091
WT_1	0.2584
WT_2	0.2519
