sample	scalingFactor
Ago2_1	0.314465
Ago2_2	0.288184
WT_1	0.2584
WT_2	0.2519
